Gender,Married,Dependents,Education,Self_Employed,ApplicantIncome,CoapplicantIncome,LoanAmount,Loan_Amount_Term,Credit_History,Property_Area
0,0,1,0,0,8.554874258383926,0.0,4.882801922586371,360.0,1.0,1
1,1,0,0,0,8.181160858023409,8.32239411311117,5.0238805208462765,360.0,0.0,0
1,1,0,1,1,9.20673387638207,0.0,5.19295685089021,360.0,1.0,0
0,0,3,1,0,6.0330862217988015,10.637488727104339,5.857933154483459,180.0,1.0,1
1,1,0,1,1,8.61323037961318,8.409830673087738,4.248495242049359,360.0,1.0,1
1,1,1,1,0,8.888894669371593,7.419380582918692,4.700480365792417,360.0,0.0,1
1,1,2,1,0,9.082507000466299,0.0,5.552959584921617,360.0,0.0,1
1,1,1,1,0,8.36264243156764,8.006700845440367,5.147494476813453,84.0,1.0,0
1,0,0,1,0,8.59748202264504,0.0,5.123963979403259,360.0,1.0,1
1,1,1,1,0,7.9665866976384025,7.519692404116539,4.812184355372417,480.0,1.0,1
1,1,2,1,0,8.094683648698815,6.184148890937483,4.90527477843843,360.0,1.0,1
1,1,0,1,1,6.51471269087253,8.574895901544526,5.123963979403259,360.0,1.0,0
1,0,0,0,0,8.188411308079031,7.160845906664299,4.605170185988092,360.0,1.0,0
1,1,3,0,0,7.881559917056899,7.370230641807081,5.153291594497779,360.0,1.0,0
1,1,1,0,0,8.796187635470453,0.0,4.919980925828125,180.0,1.0,1
1,1,1,1,0,8.430327258394575,7.319202458767849,4.852030263919617,360.0,1.0,0
1,1,0,0,0,8.246695943718557,7.302496423727326,4.820281565605037,300.0,1.0,1
1,1,0,0,0,8.94389780251682,0.0,4.6443908991413725,360.0,0.0,1
1,0,0,1,0,8.029432840581244,0.0,4.2626798770413155,480.0,1.0,1
1,1,2,0,0,8.944811104165534,0.0,5.220355825078324,360.0,1.0,0
1,1,1,1,0,8.83579236650274,0.0,5.298317366548036,360.0,1.0,1
1,0,0,1,0,7.908019444632471,0.0,4.248495242049359,360.0,1.0,1
1,1,0,1,0,7.511524648390866,7.193685818395112,4.605170185988092,360.0,0.0,1
1,1,2,0,0,8.03398273468322,7.682021510826875,4.836281906951478,360.0,1.0,1
1,0,1,0,1,7.926602599181384,7.341483852363161,5.247024072160486,360.0,1.0,1
1,1,1,1,1,8.151044945685024,7.099201743553092,4.867534450455582,360.0,1.0,0
1,0,1,0,0,7.893572073504902,7.172424577124845,4.543294782270004,360.0,1.0,1
1,1,0,1,0,8.085486772102845,7.257002707092073,4.927253685157205,360.0,1.0,1
1,0,0,1,0,8.229777750081887,8.46611040118692,5.170483995038151,360.0,1.0,1
1,1,0,1,0,7.932362154339751,7.6093665379542115,4.700480365792417,360.0,1.0,0
1,1,0,1,0,8.220672170297252,0.0,3.7376696182833684,180.0,1.0,0
1,1,2,1,0,8.785845337961213,0.0,5.3230099791384085,360.0,1.0,1
1,1,0,1,0,7.739794458408701,7.328437352895162,4.6443908991413725,360.0,1.0,1
1,0,0,0,0,8.269500767180615,7.418780882750794,4.6913478822291435,360.0,1.0,0
1,0,0,1,1,9.69590972432601,0.0,5.2574953720277815,360.0,0.0,1
0,0,0,1,0,8.064950891749143,0.0,4.2626798770413155,360.0,0.0,1
1,0,0,1,0,9.615805480084347,0.0,5.488937726156687,360.0,0.0,1
0,1,0,1,0,9.21512888870798,0.0,4.852030263919617,240.0,1.0,1
0,0,0,1,0,8.517393171418904,7.8407064517494,5.017279836814924,480.0,1.0,0
1,1,3,0,1,8.111928063310739,7.681099001536359,4.867534450455582,360.0,1.0,1
1,1,0,1,0,7.629975707027789,7.666221925662725,4.477336814478207,360.0,1.0,1
1,1,2,1,0,8.43750042250699,0.0,4.897839799950911,360.0,1.0,1
1,1,2,1,0,8.517393171418904,0.0,4.276666119016055,360.0,0.0,1
1,1,1,1,1,6.90875477931522,8.014004994779459,4.700480365792417,360.0,1.0,1
1,1,1,0,0,8.572817095164234,7.266128779556451,5.081404364984463,360.0,0.0,1
1,1,2,1,0,9.0280988119824,0.0,5.5053315359323625,360.0,1.0,1
1,1,3,1,0,8.566173813637858,0.0,4.543294782270004,360.0,1.0,1
1,1,1,1,0,9.816512538521721,0.0,6.214608098422191,360.0,1.0,1
1,0,0,1,0,8.57866451350434,0.0,4.912654885736052,360.0,1.0,1
1,1,1,1,0,8.229777750081887,0.0,4.7535901911063645,360.0,1.0,1
1,1,0,1,0,8.647519453091812,8.335191583433202,5.1647859739235145,360.0,1.0,1
1,1,2,1,0,8.669055540725484,8.517393171418904,4.787491742782046,360.0,1.0,0
1,0,0,1,0,7.769378609513984,7.836764783264067,4.912654885736052,360.0,1.0,1
1,1,2,1,0,9.0280988119824,8.060855752934316,5.10594547390058,360.0,1.0,0
1,1,2,0,1,8.761550139129644,6.90875477931522,5.231108616854587,360.0,1.0,0
1,1,0,1,0,8.017637159908478,7.286191714702382,4.553876891600541,360.0,1.0,1
1,0,0,1,1,8.846640813100485,0.0,5.1647859739235145,180.0,1.0,1
0,0,0,1,0,8.214194414852564,0.0,4.532599493153256,360.0,1.0,0
1,0,0,0,0,8.822322177471738,0.0,4.867534450455582,360.0,1.0,1
1,0,0,0,0,8.900276348631271,0.0,4.787491742782046,360.0,1.0,0
1,0,0,1,0,7.949444420250626,0.0,4.2626798770413155,360.0,1.0,1
1,0,0,1,0,8.259975659768276,7.403061091090091,4.852030263919617,360.0,1.0,0
1,0,1,1,1,8.453827315794417,0.0,4.663439094112067,360.0,1.0,0
0,0,0,1,0,7.502186486602924,7.418780882750794,3.9889840465642745,360.0,1.0,1
1,0,0,0,0,8.119398589612294,0.0,4.382026634673881,36.0,1.0,1
0,1,1,1,0,8.435766192720509,7.953669778649798,4.941642422609304,180.0,1.0,1
1,1,1,1,0,8.262558973010657,0.0,4.204692619390966,360.0,1.0,1
1,1,0,1,0,8.265650165580329,7.8898337513942955,5.087596335232384,360.0,1.0,1
0,1,2,1,0,8.36264243156764,7.776535028185241,4.844187086458591,360.0,1.0,1
1,0,0,1,1,8.828054536815424,0.0,4.948759890378168,360.0,1.0,0
1,1,3,1,0,8.374246182096304,7.502186486602924,5.075173815233827,360.0,0.0,1
1,0,0,1,0,8.205491613120236,8.530109416682784,5.231108616854587,360.0,1.0,1
1,1,1,1,0,8.996280439395015,5.484796933490655,5.53338948872752,360.0,1.0,1
1,1,0,1,1,7.642044402873258,8.314832179284556,5.075173815233827,360.0,1.0,1
1,1,1,0,0,8.160803920954665,6.988413181999592,4.90527477843843,360.0,1.0,1
0,1,0,1,0,8.207401833376355,7.286191714702382,4.969813299576001,360.0,1.0,1
1,1,0,1,0,8.445267451844648,8.18423477409482,4.852030263919617,360.0,1.0,1
1,1,1,1,0,9.024131268455035,0.0,5.0238805208462765,300.0,0.0,1
1,1,0,1,0,8.258422462458876,8.101980731853192,4.955827057601261,180.0,1.0,0
1,1,0,1,0,9.889946281969461,8.569216219483389,6.345636360828596,360.0,1.0,0
1,1,0,1,0,7.776535028185241,7.668093709082406,4.060443010546419,360.0,1.0,0
0,0,0,1,0,9.210440366976517,0.0,5.365976015021851,360.0,1.0,1
0,0,0,1,0,7.972810784121404,0.0,4.2626798770413155,360.0,1.0,0
1,1,0,1,0,8.006700845440367,8.136518252115291,4.02535169073515,180.0,1.0,1
1,1,0,1,0,9.140347000155648,0.0,4.31748811353631,180.0,1.0,1
1,0,1,1,0,8.385944904806284,7.492203042618741,4.762173934797756,360.0,1.0,1
1,1,0,1,0,8.279443487712665,7.756623334538858,4.897839799950911,360.0,1.0,1
1,0,0,1,0,8.77971129020447,0.0,4.653960350157523,360.0,0.0,0
1,1,0,1,0,7.8636512654486515,8.160803920954665,4.74493212836325,360.0,1.0,1
0,0,0,1,0,8.334951631422454,0.0,3.784189633918261,360.0,1.0,1
1,1,3,0,0,8.062747901086354,0.0,4.30406509320417,360.0,1.0,1
1,1,2,0,0,8.209580483475577,5.493061443340548,4.68213122712422,360.0,1.0,1
1,1,1,1,0,8.057060681965766,7.484368643286131,4.941642422609304,360.0,1.0,1
1,1,2,0,0,8.343077871169383,7.266128779556451,4.859812404361672,360.0,1.0,0
1,1,2,1,1,9.140347000155648,8.971321471503682,5.940171252720432,300.0,1.0,0
1,1,1,1,0,8.035926369891792,7.155396301896734,4.795790545596741,360.0,0.0,1
1,1,0,1,0,7.857093864902493,7.65728279297819,4.787491742782046,360.0,1.0,1
1,1,2,1,0,8.38958706681109,0.0,4.844187086458591,360.0,0.0,1
1,1,1,1,0,8.606851063346772,6.940222469119639,3.258096538021482,360.0,1.0,1
0,0,0,0,0,7.908754738783246,0.0,4.382026634673881,360.0,0.0,1
1,1,1,0,0,8.58185670474196,7.0317412587631285,5.225746673713202,360.0,1.0,1
1,0,3,1,1,9.143986871426161,0.0,5.676753802268282,360.0,1.0,1
0,1,0,0,0,7.564757012905729,7.405495663199472,4.605170185988092,360.0,1.0,1
1,1,1,1,0,8.699681400989514,0.0,5.075173815233827,360.0,1.0,0
1,1,3,1,1,9.224243277145174,0.0,5.560681631015528,360.0,1.0,1
0,0,0,1,0,9.210440366976517,7.418780882750794,5.41610040220442,360.0,1.0,0
1,1,1,1,0,10.429605648120413,0.0,5.560681631015528,360.0,1.0,1
1,1,0,1,0,7.873217054862741,8.740496729931813,5.231108616854587,360.0,1.0,0
1,1,2,1,1,8.59748202264504,8.34212526333359,5.58724865840025,360.0,1.0,1
1,0,0,1,0,7.5251007461258,7.951911381854188,4.736198448394496,360.0,1.0,0
1,0,0,1,1,8.707978826622321,8.374246182096304,4.787491742782046,180.0,1.0,1
1,1,2,1,0,8.525756422076725,7.642044402873258,5.220355825078324,360.0,1.0,0
0,0,1,1,1,9.062420241899561,0.0,5.0106352940962555,360.0,1.0,1
1,1,3,1,0,8.766861821669803,0.0,5.056245805348308,180.0,1.0,0
1,1,0,0,0,7.857093864902493,7.765993079407675,4.787491742782046,360.0,1.0,1
1,1,3,1,0,10.85445020594156,0.0,6.551080335043404,300.0,1.0,1
1,0,0,1,0,8.188966863648876,0.0,4.382026634673881,360.0,1.0,1
1,1,3,0,0,8.503499864284235,0.0,4.852030263919617,360.0,1.0,1
1,1,0,1,0,8.430327258394575,8.635153989049803,5.541263545158426,360.0,1.0,1
0,0,0,1,0,7.824445930877619,0.0,4.204692619390966,360.0,1.0,1
1,1,1,1,0,8.752423403865594,0.0,5.1647859739235145,360.0,1.0,1
1,0,0,0,0,8.735042754269337,0.0,4.890349128221754,360.0,1.0,0
1,1,0,1,0,8.366835309827675,0.0,4.770684624465665,360.0,1.0,1
1,0,2,1,0,8.379079889286603,0.0,4.912654885736052,360.0,1.0,0
1,1,1,1,0,7.3938782901077555,7.4977617006225685,4.564348191467836,360.0,1.0,1
1,1,1,1,0,8.6921543938039,8.635153989049803,5.752572638825633,360.0,1.0,1
1,1,2,0,0,8.111928063310739,7.601402334583733,4.59511985013459,360.0,1.0,1
1,1,0,1,0,7.824046010856292,7.807510042216193,5.075173815233827,360.0,1.0,1
0,1,0,1,0,7.818027938530729,7.741967899820685,4.919980925828125,360.0,1.0,1
1,1,0,1,0,7.473069088032197,8.17244681834278,4.875197323201151,360.0,1.0,1
1,1,2,0,0,8.119100837637486,7.958576903813898,4.969813299576001,360.0,1.0,1
0,0,0,1,1,8.150179269682326,0.0,4.804021044733257,360.0,1.0,1
1,1,1,1,1,9.721245992542345,7.719129840906732,4.454347296253507,360.0,1.0,1
1,1,0,1,1,10.57510461454571,8.46611040118692,4.787491742782046,360.0,1.0,1
0,0,0,1,0,8.255048902752295,0.0,4.709530201312334,360.0,1.0,1
1,0,0,1,0,7.984803389734406,0.0,4.584967478670572,360.0,1.0,1
1,1,0,0,0,7.496097345175956,7.984462732262196,4.532599493153256,360.0,0.0,1
0,1,1,1,0,9.392745258631441,0.0,6.206575926724928,360.0,1.0,1
1,0,0,0,1,8.665785595466064,0.0,4.882801922586371,360.0,1.0,1
1,1,3,0,1,8.867990898182093,0.0,4.8283137373023015,60.0,1.0,1
1,1,3,1,0,8.648922962094131,0.0,4.852030263919617,360.0,1.0,1
1,0,0,1,0,9.0280988119824,8.229777750081887,5.231108616854587,360.0,1.0,0
0,0,0,1,0,8.058327306580958,0.0,4.605170185988092,360.0,1.0,1
1,1,2,0,0,8.34924780056679,6.947937068614969,4.700480365792417,360.0,1.0,1
1,1,0,1,0,7.81762544305337,7.810758116529357,4.499809670330265,180.0,0.0,0
1,1,0,1,0,7.813591552952433,7.519692404116539,5.0689042022202315,360.0,1.0,0
1,1,0,1,0,8.17188200612782,7.227662498728654,4.007333185232471,360.0,1.0,0
1,1,3,1,0,8.016317898503415,0.0,4.59511985013459,360.0,1.0,1
0,1,0,1,0,8.374246182096304,7.804659297056102,4.700480365792417,360.0,1.0,1
1,0,0,0,0,7.9215356321335495,0.0,4.174387269895637,300.0,1.0,0
1,0,2,1,0,8.618485442898109,8.444407421690585,5.087596335232384,360.0,1.0,0
1,1,0,1,0,8.652947112393857,8.432941638968646,5.552959584921617,360.0,1.0,1
1,1,3,1,1,8.644354337032917,7.261927092702751,4.605170185988092,360.0,1.0,0
0,0,3,1,0,8.03398273468322,0.0,5.541263545158426,360.0,1.0,0
0,0,0,1,1,7.8636512654486515,7.4489161025442,4.59511985013459,300.0,1.0,1
1,1,0,1,0,8.439447842791385,7.957877358489813,4.709530201312334,12.0,1.0,1
1,1,2,0,0,8.09376775793108,7.507141079727608,4.394449154672439,360.0,1.0,1
1,1,2,1,0,8.662331957082475,0.0,5.2574953720277815,360.0,1.0,1
1,1,0,0,0,8.404696160189092,0.0,4.787491742782046,360.0,1.0,0
1,1,0,1,0,8.540323608805092,7.280697195384741,5.10594547390058,360.0,0.0,1
0,0,0,1,0,8.366602832783736,0.0,4.912654885736052,360.0,0.0,1
0,0,0,1,0,8.294299608857235,7.730174795246222,4.969813299576001,360.0,1.0,1
1,0,0,0,0,8.071218539969863,7.720905251936779,4.836281906951478,180.0,0.0,1
1,1,0,0,1,8.454466361507933,0.0,4.564348191467836,360.0,1.0,1
1,1,0,1,1,9.165447603085447,0.0,5.25227342804663,360.0,1.0,1
0,0,0,0,0,8.391403185357937,0.0,4.787491742782046,360.0,1.0,1
1,0,0,1,0,8.674196940225903,0.0,4.852030263919617,360.0,1.0,1
0,0,0,0,1,9.80730699406216,0.0,4.8283137373023015,360.0,1.0,1
1,1,1,1,1,9.260462981379394,8.25608813381491,5.075173815233827,180.0,0.0,1
0,0,0,1,0,6.470799503782602,8.211754397375197,4.727387818712341,480.0,1.0,0
1,0,0,1,0,9.123365357961776,0.0,5.497168225293202,360.0,1.0,1
1,1,2,1,0,9.721185995542177,0.0,5.616771097666572,360.0,1.0,1
1,1,2,0,0,7.745002803515839,7.135687347028144,4.8283137373023015,360.0,0.0,0
1,1,0,1,0,8.974871170971337,7.51425465281641,5.19295685089021,360.0,1.0,0
1,0,0,1,0,8.496173824192162,0.0,4.624972813284271,360.0,1.0,1
1,1,1,1,0,7.338888133838879,7.262628600974241,3.4011973816621555,360.0,1.0,1
1,0,0,1,0,8.065579427282092,7.978653729082731,5.081404364984463,360.0,1.0,1
1,1,0,1,1,9.687878048875998,0.0,5.560681631015528,360.0,1.0,1
1,0,0,1,0,8.229777750081887,0.0,4.727387818712341,480.0,1.0,1
0,0,1,1,0,8.155362120328135,0.0,5.043425116919247,36.0,1.0,1
0,1,0,1,0,7.982757702011113,7.755338812846501,4.9344739331306915,360.0,1.0,1
1,1,0,0,0,7.964155718840937,7.467942332285852,4.653960350157523,360.0,1.0,1
1,1,2,1,0,8.058327306580958,6.135564891081739,4.68213122712422,84.0,1.0,1
1,1,2,1,1,7.3783837129967145,9.90353755128617,5.476463551931511,360.0,1.0,1
1,1,0,1,0,8.610501368549889,0.0,4.8283137373023015,360.0,1.0,0
0,0,1,0,1,8.260492856573185,0.0,4.127134385045092,360.0,1.0,1
0,0,0,0,0,8.131824785007195,0.0,4.553876891600541,360.0,1.0,0
1,1,0,1,0,7.664346632098617,8.80492526261806,4.248495242049359,180.0,1.0,1
1,1,3,1,1,8.569216219483389,7.4815557019095165,5.231108616854587,360.0,1.0,1
1,1,1,1,0,9.5876803163585,0.0,5.220355825078324,180.0,1.0,0
1,1,2,1,0,8.03947991910045,7.244941546337007,4.727387818712341,360.0,1.0,1
1,1,0,1,0,9.114269903225448,0.0,5.429345628954441,360.0,1.0,1
1,1,1,1,0,8.713417653379183,8.35490952835879,5.799092654460526,360.0,1.0,1
0,1,0,1,1,8.612685172875459,0.0,4.653960350157523,360.0,0.0,0
1,1,1,1,0,7.48605261786314,7.711101251840158,4.672828834461906,360.0,1.0,0
1,1,3,1,0,8.131824785007195,7.824445930877619,4.812184355372417,360.0,0.0,0
1,1,2,1,0,7.96346006663897,7.5352967024440884,4.882801922586371,360.0,0.0,1
1,1,0,1,1,7.8547691834991324,8.229777750081887,5.0238805208462765,360.0,1.0,0
0,0,0,0,0,7.7025561132685825,0.0,4.189654742026425,360.0,1.0,0
1,1,1,0,0,7.821242083523558,7.773173680482536,4.852030263919617,360.0,1.0,0
0,0,0,1,0,8.350193650720067,0.0,4.718498871295094,360.0,1.0,1
1,0,0,0,0,7.274479558773871,0.0,3.5553480614894135,360.0,1.0,1
1,0,0,1,1,8.865876285425417,0.0,4.430816798843313,360.0,1.0,1
1,0,0,1,0,7.71333788887187,0.0,4.143134726391533,480.0,0.0,1
1,1,1,1,0,8.710454688248527,7.60339933974067,5.521460917862246,360.0,1.0,1
1,0,0,1,0,7.515889085215125,10.429339710318741,4.499809670330265,360.0,1.0,1
0,1,0,1,0,7.880804344674901,8.14351740579748,4.787491742782046,360.0,0.0,1
1,1,1,1,0,8.291295851905407,0.0,3.912023005428146,240.0,1.0,1
1,1,1,1,0,7.53955882930103,0.0,4.110873864173311,360.0,1.0,0
1,1,3,1,0,9.15957325492253,0.0,5.616771097666572,360.0,1.0,0
1,0,0,1,1,8.764209507142004,0.0,5.298317366548036,360.0,1.0,0
1,0,0,0,0,8.707152175339404,0.0,4.74493212836325,360.0,0.0,0
1,1,1,1,1,7.78155595923534,0.0,4.852030263919617,360.0,1.0,1
0,0,0,0,0,8.37816098272068,0.0,5.0369526024136295,360.0,1.0,0
1,1,2,1,0,8.056426767522984,7.353081920515432,4.897839799950911,360.0,1.0,1
1,0,0,1,0,9.055672891964043,0.0,5.3471075307174685,360.0,1.0,1
0,0,0,1,0,7.774435510302958,0.0,3.828641396489095,360.0,1.0,0
1,0,0,0,0,7.982074875081202,7.785720896534624,4.709530201312334,360.0,1.0,1
1,0,0,1,0,7.630946580890459,7.700747794511798,4.897839799950911,360.0,1.0,1
1,0,2,1,0,8.17413934342947,0.0,4.382026634673881,360.0,0.0,0
1,1,0,0,0,8.16735198705607,8.080546965824498,5.0238805208462765,360.0,0.0,0
1,0,0,1,0,8.160803920954665,0.0,4.394449154672439,300.0,1.0,1
1,1,0,1,0,8.68676717538769,7.628031126930335,5.351858133476067,360.0,1.0,0
1,1,0,1,0,9.594513744616725,7.650168700845001,5.717027701406222,360.0,1.0,0
1,1,0,0,0,7.681560362559537,7.783640596221253,4.74493212836325,360.0,1.0,1
1,1,0,1,0,7.665284718471351,7.3727463664043285,4.564348191467836,360.0,1.0,1
1,1,0,1,0,11.056240743970491,0.0,6.194405391104672,180.0,1.0,1
0,0,0,1,0,8.034955024502159,0.0,4.787491742782046,360.0,1.0,1
1,1,2,1,0,8.55371796609861,0.0,5.043425116919247,360.0,1.0,1
1,0,0,1,0,8.340933226000878,0.0,4.787491742782046,360.0,1.0,0
1,0,0,1,0,8.060855752934316,0.0,4.30406509320417,360.0,1.0,1
0,0,0,1,0,8.517393171418904,0.0,4.882801922586371,360.0,1.0,0
1,0,0,1,0,8.527341522468053,0.0,4.770684624465665,360.0,1.0,1
1,1,2,0,0,7.693025748417888,7.463363045520021,3.8066624897703196,360.0,1.0,1
0,1,1,1,0,8.448271745949816,0.0,4.90527477843843,360.0,1.0,1
0,0,1,1,0,7.8636512654486515,0.0,5.075173815233827,360.0,1.0,1
1,1,2,1,1,8.980801413573113,8.877242435993919,6.173786103901937,360.0,1.0,0
1,1,1,1,0,8.023879992734878,6.93828448401696,4.605170185988092,360.0,1.0,1
1,1,0,1,0,9.944341546544393,8.805075243870684,6.173786103901937,360.0,1.0,1
0,0,0,1,1,7.824445930877619,0.0,4.532599493153256,360.0,1.0,1
1,1,2,1,0,7.988882253309227,7.38025578842646,4.852030263919617,360.0,1.0,1
1,1,0,1,1,8.14902386805177,0.0,3.2188758248682006,120.0,1.0,1
1,1,0,1,0,8.374246182096304,7.804659297056102,4.700480365792417,360.0,1.0,1
1,0,0,1,0,8.668368019213355,8.207129168071326,5.739792912179234,360.0,1.0,0
1,1,1,1,0,8.220941168281389,7.98139158158007,5.017279836814924,360.0,1.0,1
0,0,0,1,0,7.9247959139564355,7.286191714702382,4.700480365792417,360.0,1.0,1
0,0,0,1,1,8.430327258394575,0.0,4.890349128221754,360.0,0.0,1
1,1,0,0,0,8.715552125907816,0.0,5.384495062789089,360.0,0.0,0
1,1,2,1,1,8.799963219506997,0.0,4.852030263919617,360.0,0.0,0
1,0,1,0,1,8.307459327011946,7.794411205726601,5.062595033026967,360.0,0.0,1
1,0,0,1,0,8.745761999375512,8.393216011596527,5.342334251964811,360.0,0.0,0
1,0,0,1,0,8.451907724717607,7.557994958530806,5.220355825078324,360.0,1.0,1
1,0,0,1,0,8.209852481301272,8.366835309827675,5.147494476813453,360.0,1.0,0
0,1,0,1,0,8.195885391314796,0.0,4.68213122712422,360.0,1.0,1
1,1,0,0,0,7.507141079727608,7.478734825567875,4.553876891600541,360.0,1.0,0
1,1,0,1,0,8.71292443512011,7.851661177889265,5.204006687076795,360.0,1.0,0
1,1,0,1,0,8.740496729931813,0.0,4.852030263919617,360.0,1.0,1
1,0,0,1,1,9.251194365984448,0.0,5.231108616854587,360.0,0.0,1
0,0,0,1,0,8.08487062913819,0.0,4.382026634673881,360.0,1.0,1
0,1,1,1,1,9.350189267092581,0.0,5.655991810819852,360.0,0.0,1
1,1,0,1,0,9.140883106960962,0.0,5.236441962829949,180.0,1.0,0
1,0,0,0,0,8.19450550976564,0.0,3.2188758248682006,120.0,1.0,1
1,1,2,1,0,8.426611813185,0.0,4.605170185988092,360.0,1.0,1
1,1,2,1,1,7.910957382845589,0.0,4.663439094112067,360.0,0.0,1
1,1,0,1,0,7.99260665240021,7.972810784121404,4.875197323201151,360.0,1.0,1
0,0,0,1,0,8.324821298768782,0.0,4.74493212836325,360.0,1.0,1
1,1,0,1,0,8.21851757748959,7.851661177889265,5.153291594497779,360.0,1.0,1
0,0,0,1,1,8.914894908906568,0.0,5.267858159063328,360.0,1.0,0
1,1,0,1,0,8.187021067343505,8.358666283188,4.882801922586371,180.0,0.0,0
0,1,2,1,0,9.60689927061335,0.0,4.248495242049359,360.0,1.0,1
1,1,0,1,0,8.217438537730187,7.601402334583733,4.787491742782046,360.0,1.0,0
1,1,2,1,1,8.699681400989514,0.0,5.3230099791384085,240.0,1.0,1
1,1,0,1,0,8.160803920954665,7.419380582918692,4.736198448394496,360.0,1.0,1
1,1,2,1,1,7.824445930877619,8.434028950155469,5.170483995038151,360.0,1.0,0
1,0,0,1,0,9.392745258631441,0.0,5.099866427824199,360.0,1.0,1
1,0,0,0,0,7.760893195851024,7.3783837129967145,4.882801922586371,360.0,1.0,1
1,0,0,1,1,8.877381954654766,0.0,4.852030263919617,360.0,1.0,1
1,1,1,1,0,8.111928063310739,8.086717920303906,5.062595033026967,360.0,1.0,1
1,1,2,1,0,8.987321812850125,0.0,5.298317366548036,360.0,1.0,1
1,0,0,1,0,8.699681400989514,0.0,4.948759890378168,360.0,1.0,1
0,1,2,0,0,5.351858133476067,7.978653729082731,4.584967478670572,360.0,1.0,1
1,1,3,1,0,8.376320632534823,5.247024072160486,4.820281565605037,360.0,1.0,1
0,1,1,1,0,8.109826276018477,6.81783057145415,4.653960350157523,84.0,1.0,1
1,1,0,1,0,9.521568058002977,0.0,4.852030263919617,360.0,1.0,1
1,1,1,1,1,8.146419323098003,7.640123172695364,5.087596335232384,360.0,1.0,1
1,0,0,1,0,8.327000740241713,0.0,4.804021044733257,360.0,1.0,1
1,1,0,1,0,7.706162970199576,0.0,4.0943445622221,360.0,0.0,1
1,1,0,1,0,8.46611040118692,7.755338812846501,4.867534450455582,360.0,1.0,1
1,1,2,1,0,8.933796043934858,0.0,5.231108616854587,360.0,1.0,1
1,1,3,0,1,8.648922962094131,0.0,4.867534450455582,360.0,1.0,0
1,0,0,1,0,7.824445930877619,9.90353755128617,4.634728988229636,360.0,1.0,1
1,1,0,1,0,8.64259160081057,7.889084407035514,5.19295685089021,360.0,1.0,0
1,1,0,1,0,7.8713112033234065,7.707062655370473,5.0106352940962555,360.0,1.0,1
1,1,2,0,0,7.580189417944541,7.284134806195205,4.0943445622221,300.0,1.0,1
1,1,3,1,0,7.888709524182015,7.642044402873258,4.553876891600541,360.0,1.0,0
1,1,1,1,0,7.919719760924575,7.519149957669823,4.74493212836325,360.0,1.0,1
1,0,0,1,0,8.18423477409482,0.0,4.564348191467836,360.0,1.0,1
1,1,1,1,0,8.047509510981422,7.857093864902493,5.135798437050262,360.0,1.0,1
0,0,0,1,0,8.06054004653864,8.001689978099135,4.882801922586371,360.0,1.0,0
1,1,1,1,1,8.960339366492091,0.0,5.480638923341991,360.0,1.0,1
1,0,0,0,0,7.90100705199242,7.932362154339751,4.564348191467836,360.0,1.0,1
1,1,0,1,0,8.188133414510478,7.67693714581808,4.77912349311153,360.0,0.0,0
1,1,2,1,0,7.857093864902493,7.754052639035757,4.8283137373023015,360.0,1.0,0
1,0,0,0,0,8.494129251817686,0.0,3.871201010907891,360.0,1.0,0
0,0,0,1,0,7.6676260915849905,9.10286651367095,4.919980925828125,360.0,0.0,1
0,0,0,1,0,8.699681400989514,0.0,5.049856007249537,360.0,1.0,1
1,1,0,0,1,7.867105500316739,8.146129510025405,5.10594547390058,180.0,0.0,0
1,1,0,1,0,9.60784051043005,0.0,4.564348191467836,360.0,1.0,1
1,0,0,1,0,8.058010800802085,8.024207485778577,4.48863636973214,360.0,1.0,0
1,0,0,1,0,9.463198053273784,0.0,6.003887067106539,360.0,1.0,1
1,1,0,1,0,8.670772279344538,0.0,4.927253685157205,360.0,1.0,0
0,0,1,1,0,8.460411177317253,0.0,4.394449154672439,360.0,1.0,1
1,1,0,1,0,7.926241523170962,7.576097340623111,5.043425116919247,360.0,1.0,0
1,1,1,1,0,8.612685172875459,7.13966033596492,5.135798437050262,360.0,1.0,0
0,0,0,0,1,9.756378687497916,0.0,5.41610040220442,360.0,1.0,1
1,1,2,0,0,8.273336598504486,0.0,4.820281565605037,360.0,1.0,1
1,1,1,1,0,8.566173813637858,6.535241271013659,5.075173815233827,360.0,1.0,0
1,1,0,1,0,8.247220052745229,6.626717749249025,5.075173815233827,360.0,1.0,1
1,1,1,0,0,7.8838232148921525,7.313886831633462,4.727387818712341,180.0,0.0,0
1,1,1,1,0,9.163143937145207,0.0,5.231108616854587,360.0,1.0,1
1,1,2,1,1,9.71269017726113,6.922643891475888,5.0106352940962555,360.0,1.0,0
1,1,0,1,0,8.669399124305569,0.0,4.969813299576001,360.0,1.0,1
1,0,0,1,0,8.334951631422454,8.88336291691676,5.214935757608986,360.0,1.0,1
0,0,2,1,0,8.229777750081887,7.642044402873258,4.787491742782046,360.0,1.0,1
0,0,0,1,0,9.250426095515468,0.0,5.556828061699537,360.0,1.0,1
1,0,0,1,0,8.111928063310739,0.0,4.248495242049359,360.0,1.0,1
1,1,0,1,0,8.753687227098585,8.430327258394575,5.556828061699537,360.0,1.0,1
1,0,0,1,0,8.334951631422454,0.0,4.584967478670572,360.0,0.0,1
1,1,1,0,0,7.580189417944541,7.798523053625206,4.875197323201151,360.0,1.0,0
1,1,0,0,0,7.970740390007095,7.934871565945177,5.043425116919247,360.0,1.0,0
1,1,3,1,0,10.596634733096073,0.0,6.396929655216146,180.0,0.0,1
1,1,1,1,0,7.933079771880415,7.559038255443384,4.983606621708336,360.0,0.0,0
1,1,1,1,0,7.820840879907344,7.628031126930335,4.6443908991413725,360.0,1.0,1
1,0,0,1,0,8.54188580400661,0.0,4.820281565605037,360.0,0.0,0
1,0,0,1,0,8.485496104672983,8.244596756382498,5.017279836814924,360.0,1.0,1
1,1,2,1,0,9.180293450623886,0.0,4.718498871295094,360.0,1.0,1
1,1,1,1,0,8.506334448081361,0.0,4.852030263919617,360.0,0.0,0
1,1,2,1,0,8.740496729931813,8.640295388550221,5.236441962829949,180.0,1.0,1
0,0,0,1,0,8.59748202264504,0.0,4.962844630259907,480.0,0.0,1
1,0,0,1,0,7.8160138391590275,0.0,4.07753744390572,360.0,1.0,1
1,1,2,1,0,8.096817470572319,7.618742377670413,4.997212273764115,360.0,1.0,1
0,1,0,1,0,7.793174347189205,6.226536669287466,4.867534450455582,360.0,1.0,1
1,1,1,1,1,9.193601047971885,7.51425465281641,5.204006687076795,180.0,1.0,1
0,0,0,1,0,8.422442854870427,0.0,4.74493212836325,360.0,1.0,1
1,1,0,0,0,8.006700845440367,7.418780882750794,4.605170185988092,480.0,0.0,1
0,1,1,1,1,9.87740021777281,0.0,6.396929655216146,360.0,1.0,1
1,0,2,1,0,8.185628891147607,0.0,4.700480365792417,360.0,0.0,0
1,1,3,1,0,8.060855752934316,8.294299608857235,5.19295685089021,300.0,0.0,1
1,1,1,1,1,7.971085753505607,0.0,4.553876891600541,360.0,1.0,1
1,1,2,1,0,8.517393171418904,8.207401833376355,5.4638318050256105,360.0,1.0,1
1,1,0,1,0,8.488999457045455,6.7226297948554485,4.8283137373023015,360.0,1.0,1
1,1,0,1,0,8.275885669474356,6.68586094706836,4.718498871295094,360.0,1.0,1
1,0,0,1,0,7.99699040583765,7.934513463882263,4.969813299576001,360.0,1.0,1
1,0,1,1,0,8.207401833376355,0.0,4.727387818712341,180.0,1.0,1
1,1,0,1,0,8.64979915596426,8.635153989049803,5.231108616854587,360.0,1.0,1
1,1,3,1,0,8.61558951327243,9.332646496360152,6.20455776256869,360.0,0.0,1
1,0,1,0,0,8.187855443695623,0.0,4.605170185988092,240.0,1.0,1
1,1,2,0,0,7.969011781106478,0.0,3.8066624897703196,180.0,0.0,1
1,1,0,1,0,7.589841512182657,6.905753276311464,3.912023005428146,360.0,1.0,1
1,1,0,1,0,7.642044402873258,8.055475141757274,4.852030263919617,360.0,1.0,1
0,1,0,1,0,8.338305731356565,7.7437032581737535,5.204006687076795,360.0,1.0,1
1,1,2,1,0,8.071218539969863,6.55250788703459,4.248495242049359,360.0,1.0,1
1,1,0,1,0,7.783640596221253,7.681560362559537,4.74493212836325,360.0,1.0,1
1,1,1,0,0,8.30671904320269,8.57602797713713,4.927253685157205,360.0,1.0,0
1,0,0,1,0,8.002359546252707,0.0,4.477336814478207,360.0,0.0,1
1,0,0,0,0,8.229244416735913,7.419979923661835,4.700480365792417,360.0,1.0,1
0,0,0,1,0,9.0280988119824,0.0,5.634789603169249,360.0,1.0,1
1,1,2,0,0,7.597897950521784,7.3938782901077555,4.727387818712341,180.0,1.0,1
1,1,3,1,0,8.01862546504575,7.826044013518965,5.062595033026967,360.0,0.0,1
1,1,2,1,0,8.490027523343468,8.63497622707262,5.337538079701318,360.0,1.0,1
0,0,1,1,0,9.492733482494353,0.0,3.6888794541139363,360.0,1.0,1
1,1,1,1,0,8.764209507142004,8.888894669371593,5.19295685089021,360.0,0.0,1
1,1,3,1,0,10.077608912764743,0.0,5.91350300563827,360.0,1.0,0
1,1,1,0,0,7.8636512654486515,7.824445930877619,4.499809670330265,360.0,1.0,1
1,0,0,1,0,8.82217476094608,0.0,4.852030263919617,360.0,1.0,1
1,1,0,0,0,8.340217320947035,0.0,4.74493212836325,180.0,1.0,1
0,0,2,1,0,8.13973227971767,0.0,4.927253685157205,360.0,1.0,1
1,1,0,0,0,8.366602832783736,7.608374474380783,5.267858159063328,360.0,1.0,0
0,1,0,0,0,7.673223121121708,8.08271113423758,5.181783550292085,360.0,0.0,1
0,0,0,1,0,7.978653729082731,0.0,4.430816798843313,360.0,1.0,1
1,1,0,1,0,7.783640596221253,0.0,4.31748811353631,360.0,1.0,1
1,0,2,1,0,8.501876487304344,0.0,5.111987788356544,360.0,0.0,1
1,1,0,1,0,8.29254851397576,8.094073148069352,5.332718793265369,360.0,1.0,1
1,0,1,1,0,10.537945736747394,0.0,5.0238805208462765,360.0,1.0,1
0,1,0,0,0,8.012349639327795,6.498282149476434,4.624972813284271,360.0,1.0,1
1,0,0,1,0,7.949444420250626,7.527255919373784,4.836281906951478,360.0,1.0,0
0,0,0,1,0,8.232971790593437,7.418780882750794,4.90527477843843,360.0,1.0,0
0,0,0,1,1,9.66523036341187,0.0,4.007333185232471,360.0,1.0,1
0,0,0,1,0,7.668093709082406,0.0,4.59511985013459,360.0,0.0,1
1,1,3,1,0,8.320448113956559,0.0,3.6888794541139363,180.0,1.0,0
0,0,0,1,0,7.827240901752812,0.0,4.02535169073515,360.0,1.0,0
0,0,0,1,0,8.163656176168432,0.0,4.330733340286331,360.0,0.0,1
1,1,3,0,0,8.167068178341237,0.0,4.394449154672439,180.0,1.0,0
1,0,0,1,0,8.317766166719343,8.145549631783584,5.017279836814924,360.0,1.0,0
1,1,2,1,0,8.295798110636145,7.3310603052186325,5.123963979403259,360.0,1.0,1
1,1,2,1,0,8.81001204797317,7.467942332285852,5.438079308923196,300.0,1.0,1
1,1,2,1,0,8.24301946898925,8.188966863648876,5.375278407684165,360.0,0.0,1
0,0,1,1,0,8.203304026795282,0.0,4.553876891600541,360.0,1.0,1
1,1,0,0,0,7.8636512654486515,7.555905093611346,4.7535901911063645,360.0,0.0,1
1,1,2,0,0,8.189244525735901,7.372118028337787,4.852030263919617,360.0,1.0,0
1,1,3,1,0,8.294299608857235,8.955577146281511,5.66988092298052,360.0,1.0,1
1,1,3,1,0,11.302216779257382,0.0,5.886104031450156,360.0,0.0,0
1,0,0,1,0,8.45126704130007,7.643961949002529,4.852030263919617,360.0,1.0,1
1,1,0,1,0,8.624970783589669,7.669961995473577,5.1647859739235145,360.0,1.0,0
0,0,0,1,0,7.774435510302958,0.0,2.1972245773362196,360.0,1.0,1
1,1,2,1,0,9.3722891389622,0.0,5.231108616854587,180.0,1.0,1
1,1,2,1,0,7.904334842085095,7.0630481633881725,4.574710978503383,360.0,1.0,1
1,1,0,1,0,9.290444616217844,0.0,5.455321115357702,360.0,1.0,1
1,0,3,1,0,9.12347443895452,0.0,5.220355825078324,360.0,1.0,0
1,1,0,1,0,7.900636613018005,7.618251097876695,4.804021044733257,360.0,1.0,1
1,0,0,1,0,7.496097345175956,7.101675971619444,3.8501476017100584,360.0,1.0,1
1,1,2,0,0,8.291045131081729,7.252762418053187,5.056245805348308,360.0,1.0,0
0,0,0,1,0,8.333510708982942,0.0,4.2626798770413155,360.0,1.0,1
1,1,2,0,0,8.72029728739272,7.3938782901077555,5.231108616854587,480.0,1.0,1
1,1,0,1,0,8.031385330625534,7.790282380703483,4.9344739331306915,360.0,1.0,0
1,0,0,1,0,8.699681400989514,0.0,4.941642422609304,360.0,1.0,0
1,0,0,0,0,8.06777619577889,7.8628820346414905,4.787491742782046,360.0,1.0,0
1,1,1,1,0,9.282754052485227,0.0,5.7430031878094825,360.0,1.0,1
1,1,0,0,0,7.755338812846501,7.324489979348532,4.553876891600541,360.0,1.0,1
1,0,0,1,0,8.08794755464267,0.0,3.912023005428146,360.0,1.0,1
1,1,1,0,0,7.7142311448490855,7.83399634170946,4.852030263919617,360.0,1.0,1
0,0,1,1,0,8.17244681834278,0.0,4.718498871295094,360.0,1.0,1
1,0,0,1,0,7.798112628829788,0.0,4.31748811353631,360.0,1.0,1
1,1,1,0,0,8.131530710604252,7.403061091090091,4.709530201312334,180.0,1.0,1
1,1,3,0,0,7.6362696033793735,6.626717749249025,4.543294782270004,480.0,1.0,1
1,1,2,0,1,7.53689712956617,7.53689712956617,4.574710978503383,360.0,1.0,1
1,0,0,1,0,8.258163361537619,0.0,4.330733340286331,360.0,1.0,1
1,0,0,1,0,7.834788107388194,7.486613313139955,4.976733742420574,360.0,1.0,0
1,1,2,1,0,7.6236419465115715,7.3901814282264295,4.61512051684126,360.0,1.0,0
1,0,0,1,0,8.689801056022553,8.350666240520924,5.69035945432406,360.0,1.0,1
1,1,1,1,1,7.68662133494462,0.0,4.189654742026425,300.0,0.0,0
0,1,0,1,0,8.430327258394575,0.0,4.430816798843313,360.0,1.0,0
1,1,0,1,0,8.978912601074276,0.0,5.616771097666572,360.0,1.0,1
1,1,0,1,0,8.01102337918644,8.017637159908478,4.553876891600541,300.0,1.0,1
1,1,3,1,0,8.765146421639022,0.0,5.0106352940962555,360.0,1.0,1
1,0,0,0,0,8.213923595622743,0.0,4.700480365792417,360.0,1.0,0
1,0,0,0,0,7.755338812846501,7.280697195384741,4.624972813284271,480.0,0.0,1
1,1,1,1,0,9.460476328353995,9.302828391411333,5.855071922202427,360.0,1.0,1
1,1,2,1,1,8.740496729931813,7.170888478512505,4.68213122712422,360.0,1.0,0
1,1,0,1,0,8.434028950155469,0.0,4.290459441148391,180.0,1.0,1
1,1,0,0,1,8.462948176563842,0.0,4.927253685157205,360.0,1.0,1
1,1,2,1,0,8.296546520300614,7.4489161025442,4.7535901911063645,360.0,1.0,1
1,1,2,1,0,8.268988209506656,0.0,4.499809670330265,360.0,1.0,1
1,0,0,1,0,8.137103389639302,0.0,4.844187086458591,360.0,1.0,1
0,1,0,1,0,7.754052639035757,8.408939605975984,4.605170185988092,360.0,1.0,1
1,1,0,1,0,5.017279836814924,7.496097345175956,4.90527477843843,360.0,1.0,0
1,1,0,1,0,8.93313654381203,6.918695219020472,5.1647859739235145,360.0,1.0,1
1,1,0,0,0,7.978653729082731,6.285998094508865,4.189654742026425,360.0,1.0,0
1,1,2,1,0,8.03073492409854,9.000483164987708,5.298317366548036,360.0,1.0,1
1,1,2,1,1,9.770013301136158,0.0,5.991464547107982,360.0,1.0,0
1,1,2,1,1,8.656433258507741,0.0,4.969813299576001,84.0,1.0,0
1,1,2,1,0,8.335191583433202,7.277938572945661,5.062595033026967,360.0,1.0,0
1,1,3,0,0,8.467162257810672,0.0,4.553876891600541,360.0,0.0,1
0,1,0,1,0,8.060855752934316,7.7336835707759,5.0369526024136295,360.0,1.0,1
1,1,3,1,0,8.954286157204713,0.0,4.852030263919617,180.0,1.0,1
1,1,2,0,0,8.36380888451688,8.090708716083997,4.890349128221754,180.0,1.0,1
1,1,0,1,0,8.236420527265391,0.0,4.700480365792417,360.0,1.0,1
1,1,0,0,0,7.720461694599722,7.617759576608505,4.700480365792417,360.0,1.0,0
0,0,0,1,0,7.889084407035514,7.3938782901077555,4.430816798843313,360.0,1.0,1
1,1,0,0,0,7.8636512654486515,7.438971592395862,4.672828834461906,360.0,1.0,0
0,1,2,1,0,7.229113877793302,7.540090320145325,5.117993812416755,360.0,1.0,1
1,1,3,0,0,7.988882253309227,7.417580402414544,4.248495242049359,180.0,0.0,1
1,1,0,1,0,9.936341889407075,0.0,4.852030263919617,360.0,1.0,0
0,0,0,1,0,8.517393171418904,0.0,4.634728988229636,360.0,0.0,1
1,1,0,0,0,8.494538500851432,0.0,4.890349128221754,360.0,1.0,0
1,1,0,1,0,9.5876803163585,0.0,6.077642243349034,360.0,1.0,1
0,0,0,1,0,8.881975184248867,0.0,4.787491742782046,360.0,1.0,0
1,1,0,1,1,7.8160138391590275,8.01102337918644,5.236441962829949,360.0,1.0,1
1,0,0,0,0,7.907651594711089,0.0,4.0943445622221,180.0,1.0,1
1,1,3,1,0,9.076923258535832,8.516593011344206,4.867534450455582,360.0,1.0,0
1,1,3,1,0,8.393216011596527,7.1316985104669115,4.700480365792417,360.0,1.0,1
0,0,1,1,0,8.246171559857563,0.0,4.718498871295094,360.0,1.0,0
1,0,0,1,0,8.46611040118692,0.0,4.543294782270004,360.0,1.0,1
0,0,0,0,0,7.582738488914411,0.0,3.970291913552122,360.0,1.0,1
1,1,1,1,1,9.067277989134345,8.51398806046729,5.929589143389895,360.0,0.0,0
1,1,0,0,1,8.376781037699493,6.602587892189336,4.465908118654584,360.0,1.0,1
0,1,0,0,1,8.873888135154973,0.0,4.927253685157205,360.0,1.0,0
1,1,3,1,0,8.453614209773367,0.0,4.605170185988092,360.0,1.0,1
0,1,0,1,0,8.06054004653864,0.0,3.58351893845611,360.0,1.0,1
1,1,3,1,0,9.61587214452889,0.0,5.703782474656201,360.0,1.0,0
1,1,0,1,0,7.793999089503996,7.75833346749091,4.962844630259907,360.0,1.0,1
1,1,0,0,0,8.010027528481734,8.051022208190679,4.852030263919617,360.0,0.0,1
1,1,0,1,0,7.824445930877619,8.241966560231802,4.787491742782046,360.0,1.0,1
1,1,1,1,1,9.210440366976517,0.0,5.043425116919247,360.0,1.0,0
1,1,0,0,0,8.705165419719007,0.0,5.075173815233827,360.0,1.0,1
1,1,0,1,0,8.159946655578548,7.583247524303362,4.7535901911063645,360.0,1.0,0
0,1,0,1,0,8.136518252115291,7.943427767876373,4.727387818712341,360.0,1.0,1
1,1,1,1,0,8.334951631422454,8.122668023346407,5.303304908059076,360.0,1.0,1
1,1,3,1,0,8.14060704285845,7.1316985104669115,4.852030263919617,360.0,0.0,1
1,0,0,1,0,7.563719668414366,7.524021415206125,3.912023005428146,360.0,1.0,1
1,1,0,0,0,7.805882040228621,7.755338812846501,5.198497031265826,360.0,0.0,1
1,1,1,1,0,8.639410824140487,0.0,3.784189633918261,360.0,1.0,1
1,1,2,1,0,8.457230850243555,7.23561914106675,5.0106352940962555,360.0,1.0,1
1,1,1,0,0,7.828436359157585,7.592870287844818,4.941642422609304,180.0,1.0,1
1,1,3,0,0,8.037866234709618,0.0,4.727387818712341,360.0,1.0,0
1,1,0,0,0,8.031060180240619,7.496097345175956,4.812184355372417,360.0,0.0,1
1,1,0,1,0,7.501082124259871,7.533158807455563,4.499809670330265,360.0,1.0,1
1,1,0,0,0,8.133587417660966,8.393442383980062,4.812184355372417,360.0,1.0,1
1,1,2,1,0,8.740496729931813,7.4360278163518485,5.3471075307174685,360.0,1.0,1
0,0,1,0,0,8.435332164935916,0.0,4.394449154672439,360.0,1.0,0
1,1,0,1,0,6.933423025730715,7.928045600874777,4.718498871295094,360.0,1.0,0
1,1,2,1,0,7.824445930877619,7.518064181233078,4.6913478822291435,360.0,1.0,1
1,1,0,1,1,8.006700845440367,0.0,4.189654742026425,360.0,1.0,1
1,1,1,1,0,8.997270906233448,7.719129840906732,5.19295685089021,360.0,1.0,1
0,0,0,1,0,7.783640596221253,7.530479995245536,4.6443908991413725,360.0,0.0,1
1,1,0,1,0,7.7025561132685825,7.026426808699636,4.852030263919617,360.0,1.0,1
1,1,0,1,0,7.888709524182015,8.366602832783736,4.795790545596741,360.0,1.0,0
1,1,2,1,1,8.430327258394575,7.642044402873258,5.075173815233827,360.0,1.0,1
1,1,1,0,0,8.423980809694058,7.114769448366463,5.062595033026967,360.0,1.0,1
1,1,0,1,0,8.656433258507741,0.0,5.541263545158426,360.0,1.0,1
1,0,2,1,0,8.193676665955241,0.0,4.672828834461906,360.0,1.0,1
0,0,1,1,1,8.916237731721479,0.0,4.852030263919617,360.0,1.0,1
1,1,0,1,0,7.730174795246222,7.63433723562832,4.852030263919617,360.0,1.0,1
1,0,0,1,0,7.608374474380783,7.5652752818989315,4.30406509320417,360.0,1.0,1
1,0,0,0,1,7.857093864902493,7.681560362559537,4.6443908991413725,360.0,1.0,0
1,1,0,1,0,6.933423025730715,8.612685172875459,5.375278407684165,360.0,1.0,0
1,0,0,1,0,8.744806737401898,0.0,4.770684624465665,360.0,0.0,0
0,1,0,0,0,8.31898612539206,0.0,4.820281565605037,360.0,1.0,0
1,1,2,1,0,8.258422462458876,0.0,4.564348191467836,360.0,1.0,1
0,0,0,1,0,8.134760782418645,0.0,4.477336814478207,360.0,1.0,1
1,1,0,1,0,7.507141079727608,7.450079569807499,4.605170185988092,360.0,1.0,1
1,1,0,1,0,8.111928063310739,7.824445930877619,4.852030263919617,360.0,1.0,1
1,1,0,1,0,8.721602344674197,8.27052509505507,5.780743515792329,360.0,1.0,1
1,1,0,0,0,7.530479995245536,6.948897222313312,4.584967478670572,360.0,1.0,1
1,1,0,1,0,9.722744748855389,0.0,4.700480365792417,360.0,1.0,1
1,1,0,1,0,8.04044688130311,7.170888478512505,4.382026634673881,360.0,1.0,1
1,1,0,1,1,8.66888370465667,7.6783263565068856,5.214935757608986,360.0,1.0,1
1,0,0,1,0,8.507344855361422,0.0,4.8283137373023015,360.0,1.0,1
1,1,0,1,0,8.28121766128665,7.458186157340487,5.003946305945459,360.0,0.0,0
1,1,0,1,0,8.368925174747135,0.0,4.867534450455582,360.0,1.0,1
1,0,1,1,0,9.328212292571072,0.0,5.278114659230517,360.0,1.0,1
0,0,0,1,0,7.313886831633462,7.496097345175956,4.634728988229636,360.0,0.0,1
1,1,0,1,0,8.46779284112111,0.0,5.062595033026967,480.0,1.0,1
1,1,0,1,0,8.086717920303906,0.0,5.135798437050262,360.0,1.0,0
1,0,1,1,0,8.027150106832774,7.59488438721652,4.709530201312334,180.0,0.0,1
1,1,2,0,0,7.732807530422021,0.0,4.727387818712341,360.0,1.0,0
1,0,0,0,0,8.251663923605589,0.0,4.700480365792417,360.0,1.0,0
1,1,1,1,0,7.703007682479236,7.243512974665482,4.442651256490317,360.0,1.0,1
1,1,2,1,0,8.592671652592143,0.0,4.867534450455582,360.0,1.0,1
1,0,0,1,0,7.824445930877619,0.0,4.564348191467836,480.0,1.0,1
1,0,0,1,1,9.911802884139842,0.0,6.476972362889683,480.0,1.0,1
1,0,0,0,0,7.601402334583733,0.0,4.852030263919617,360.0,1.0,1
1,1,0,1,0,8.741456115998364,0.0,5.075173815233827,360.0,1.0,1
1,1,2,1,0,8.220941168281389,0.0,4.787491742782046,360.0,1.0,1
1,1,1,1,0,8.131824785007195,7.824445930877619,5.153291594497779,360.0,1.0,1
1,1,0,1,0,7.755338812846501,7.790696031174738,4.912654885736052,360.0,1.0,1
1,1,2,1,0,7.170119543449628,6.99117688712121,2.833213344056216,120.0,1.0,1
1,0,0,1,0,8.000014093678072,7.642044402873258,4.787491742782046,360.0,1.0,0
1,0,0,1,0,9.159993997539445,0.0,5.231108616854587,360.0,1.0,0
1,1,2,1,1,8.106816038947052,8.160803920954665,4.477336814478207,360.0,1.0,1
1,1,0,1,0,8.121777419161074,7.696667081526462,4.90527477843843,360.0,1.0,0
1,1,0,1,0,8.062747901086354,8.013674142832684,4.919980925828125,360.0,1.0,1
1,0,0,0,0,8.69530981880724,0.0,4.750331381055247,360.0,0.0,0
1,0,0,1,0,8.430054284498155,7.627404658548208,5.0740663375456805,360.0,1.0,1
1,0,1,1,0,8.481505377567892,0.0,4.762851075313775,360.0,0.4728704355397194,0
0,0,0,1,0,8.569987845932806,0.0,4.645343386139175,360.0,0.0,0
0,0,0,0,0,7.7640366969107895,0.0,2.2254728112697024,360.0,1.0,1
1,1,0,0,0,8.086258383056506,6.81039066233085,4.088123804987663,360.0,1.0,0
1,1,0,0,0,7.813801917385084,7.518120115360936,5.067783637726364,360.0,1.0,0
1,1,1,0,0,8.349238002668312,7.996316908281747,5.142329186924643,86.40885538520763,1.0,0
1,0,0,1,0,8.39546227789729,7.629018183652332,5.204136329500899,360.0,1.0,1
0,0,2,0,0,8.165200946281328,0.0,4.4979672409028275,157.03057542290458,1.0,0
1,1,0,1,0,8.17545229542249,7.680707681743265,4.80323193220448,360.0,0.19110735994863548,0
1,0,0,0,0,8.893484805329239,0.0,4.665800311287347,360.0,0.0,0
1,1,1,1,0,8.055381485999185,7.864366957438221,5.1403858188615,360.0,1.0,1
1,0,0,1,0,8.67503588988184,8.15393335918309,5.659612467180795,360.0,1.0,0
1,1,1,1,1,8.944490093482147,0.0,4.919419398660726,360.0,0.3520948117723911,0
0,0,0,1,0,8.08672503904108,0.0,4.699551827734982,480.0,0.6607155720714136,1
1,1,0,0,0,8.028209536383699,8.054434388225914,4.871891020204494,360.0,0.0,0
0,0,0,1,0,8.221314998627065,0.0,4.391260095114985,360.0,0.0,1
1,0,1,0,1,8.068632140672001,7.510390056786014,5.178246576709907,360.0,0.6270788170143501,1
0,1,1,1,0,7.0826121529340735,7.756813733339568,4.927062946482345,360.0,1.0,1
1,1,0,1,0,7.657406437942687,7.20602387070176,4.67617919549816,360.0,0.0,1
0,0,2,1,0,6.574021337993814,9.812113199025594,5.546402771944218,180.0,0.728727288902383,1
1,1,0,1,0,8.067449785621776,7.621150975561312,4.8758786923359185,360.0,0.0,0
1,0,0,0,0,7.737500488898849,0.0,4.743162857366798,360.0,1.0,1
1,1,2,1,0,8.424523888019579,0.0,4.618648992741106,360.0,0.9436073067365501,1
1,1,2,1,0,7.946685423618898,0.0,4.67693130292525,360.0,0.0,1
1,0,0,1,0,8.141639766266975,0.0,4.817252706375871,360.0,1.0,1
1,1,2,1,0,8.343294952246529,0.0,4.387702583975735,360.0,0.0,1
1,0,0,1,0,8.160328394082471,0.0,4.637226817191321,360.0,1.0,1
1,1,0,0,0,7.874719616434471,7.767082938628131,4.933530642264516,180.0,0.0,0
1,0,0,1,0,8.451310739207003,7.638098557745573,4.877151963110912,360.0,1.0,1
1,1,2,1,0,8.104792915643372,7.213294692912256,4.85825142626531,360.0,0.0,1
1,0,0,0,0,8.111524939737926,7.779148103588566,5.115683311655,360.0,0.0,1
1,1,0,0,0,8.10897699746508,6.389630817703801,4.2800837132741565,360.0,1.0,0
0,1,0,0,0,7.683312284768826,8.057813351666402,5.18305466757385,360.0,0.0,1
1,1,1,1,0,7.998317286795238,7.404696721190128,4.858748968322778,360.0,1.0,1
0,0,0,1,0,7.578673265104194,7.798483573976137,4.706078883081342,360.0,0.0,1
0,1,0,1,0,8.374246182096304,7.804659297056102,4.700480365792417,360.0,1.0,1
1,0,1,1,1,8.548971341887762,0.0,4.711222303789178,360.0,1.0,0
0,0,0,1,0,8.789505299044725,7.785029448420922,5.236653520871341,360.0,1.0,0
1,1,1,0,0,7.863880968015538,7.414335880139132,4.804530999142023,180.0,0.3600537819331123,0
0,1,0,0,0,7.586674120889772,8.034703999646627,4.86457262595386,360.0,0.0,1
1,1,0,0,0,8.875621973556733,0.0,5.412414936308792,360.0,1.0,1
1,0,0,1,0,8.219121821919657,7.850900879395718,5.153465223026088,360.0,1.0,1
1,1,0,0,0,8.026237545732561,7.623337591647661,4.821320733218043,360.0,0.0,1
1,0,0,0,0,7.927956752831041,0.38227571569359053,4.221332091510547,300.0,0.9539110312237371,0
1,0,0,1,0,8.381708692762084,8.508889135801624,4.618985576177525,180.0,1.0,1
1,1,0,0,0,7.789564134821873,7.880001443043032,4.777438525245823,180.0,1.0,1
0,0,0,1,0,8.252490938636543,0.0,4.741932047203021,480.0,0.9382297399039482,1
0,0,0,1,0,9.43978629076781,7.556952013540756,5.595796401582199,360.0,1.0,0
0,0,0,1,0,7.414031683289777,7.503427239368056,4.636788770838981,360.0,0.0,1
1,0,0,1,0,8.334323474679447,8.078046015827038,5.020169838143821,360.0,1.0,1
1,1,1,0,0,7.872427861691437,7.371285197699229,4.771468798827653,180.0,0.20574111040578258,0
1,1,0,1,0,9.10502692212548,0.0,5.801640663541234,360.0,1.0,1
1,0,0,1,0,8.124578440956089,0.0,4.755463021811698,360.0,1.0,1
0,0,0,1,0,7.7975978370135,8.04849553578107,4.765070746755923,360.0,0.0,1
1,1,1,1,0,7.846231077640754,0.0,4.345977123984851,360.0,0.6827885991512527,0
0,0,0,0,0,7.981741939252637,0.0,4.367339569749479,360.0,0.0,1
1,1,0,0,0,8.14988344382649,6.4221595171853325,4.308467960444892,360.0,1.0,0
1,1,0,0,0,7.5542520441496706,7.916655972235979,4.567564832404486,360.0,0.0,1
1,1,3,1,0,10.824258638333022,0.0,5.721174663651357,360.0,0.18838978567903675,0
1,1,0,1,0,6.043144870457501,7.371717649303633,4.781843908139921,360.0,0.5887071594249793,0
1,0,0,1,0,8.307273992132451,0.0,4.597811355965682,360.0,0.0,0
1,1,1,0,0,7.932730432761269,7.362158395263087,4.5044531342182905,180.0,0.0,0
1,1,1,1,0,8.539881458397199,7.470376202314238,4.803863148324623,360.0,0.0,0
1,1,0,1,0,8.14002213166005,7.65469764041805,4.817695557939205,360.0,0.0,0
1,0,0,1,0,8.56895665910624,0.0,4.806658549765044,360.0,0.0,0
1,1,2,1,0,8.190986008007767,0.0,4.769188096928343,360.0,0.0,1
1,1,3,1,0,8.086907723269979,7.437366642834096,4.944726104005652,360.0,0.0,1
1,1,2,1,0,8.436811586108407,0.0,4.600648073483106,360.0,1.0,1
0,0,0,1,1,9.693357423691015,0.0,5.260437294301954,360.0,0.0,1
1,1,0,1,0,7.94191934942592,7.477975291462518,5.023777976563015,360.0,1.0,0
0,0,0,0,0,8.212675050772726,0.0,4.5082121892083835,360.0,0.0,1
1,1,0,1,0,9.670700338736648,7.887174079151809,5.879134262940778,360.0,1.0,0
0,0,0,1,0,8.13371390073074,0.0,4.410844802509386,360.0,0.0,1
0,0,0,1,0,8.009722654107875,0.0,4.417919705603967,480.0,0.0,1
1,1,0,1,0,9.533364027532889,0.0,6.012510833355712,360.0,1.0,1
1,1,0,1,0,9.789298157263023,8.741141376865821,6.230670481656525,360.0,1.0,0
1,1,2,1,0,7.701793496164639,9.568812856125927,5.5447592003797785,360.0,1.0,1
1,0,0,0,0,7.958109948746282,7.767197221920529,5.157250991023559,360.0,0.0,1
1,1,0,0,0,7.823825465563634,7.693393650231801,5.060306625612437,360.0,0.0,1
1,1,3,0,0,8.48298405047139,0.0,4.683696142116084,360.0,0.4354109749146603,1
1,0,0,1,0,8.718050681164664,7.93620287235263,5.225600893237912,360.0,0.8438907951672645,0
1,1,1,0,0,8.980041166028354,8.071171946399872,4.892866313172185,180.0,0.0,1
1,1,0,1,0,8.32964705159862,7.856073833505342,4.792642915458194,360.0,1.0,1
1,1,1,0,0,8.387452732564189,7.755142724291156,4.878122126114167,360.0,1.0,0
1,1,0,1,0,7.926137379843796,0.0,4.835003029371359,360.0,1.0,0
1,1,0,1,0,8.140067346130051,7.691228852752878,4.870503273866426,360.0,0.7243666247085818,0
1,1,0,1,0,9.246545104826428,0.0,5.033905559817017,360.0,1.0,0
1,1,0,0,0,8.173859935010896,8.313314772584851,4.8760557481959435,180.0,0.0,0
1,1,2,1,0,8.22880280777084,0.0,4.783469097173699,360.0,0.0,1
1,1,1,1,1,8.055542822884352,0.0,4.602383576627544,278.15007222345395,0.36416546294243446,0
0,0,0,1,0,7.617601605853001,7.324975813913955,4.620459307974387,360.0,0.0,1
1,1,3,0,0,8.504629835210627,0.0,4.8464639621019145,360.0,1.0,1
1,0,0,0,0,8.446726305852398,8.106190889540814,4.8075095636877005,180.0,0.589716057602515,1
1,1,3,1,0,9.603129864583881,0.0,5.299798858092601,360.0,0.66970429478688,0
1,1,0,0,0,7.68746137306366,7.842925474918508,4.943945944701044,360.0,0.0,1
1,1,1,1,0,8.62142018411772,7.452883333206104,4.753176001345864,360.0,0.0,1
1,0,0,1,0,7.729470040606326,0.0,4.150906191039108,360.0,0.25347642127180814,1
0,0,1,0,0,7.9664962136962085,5.087093745339665,4.8236088413858536,136.15762018091112,0.304460970965895,0
1,0,0,1,0,7.83428632453342,0.0,4.323461176168914,360.0,1.0,1
1,1,0,1,0,9.596395989184536,7.656024089066688,5.721032660525077,360.0,1.0,0
1,1,0,0,0,8.186308007537212,7.712389579561356,4.800622554528889,360.0,0.0,0
0,1,0,1,0,8.374246182096304,7.804659297056102,4.700480365792417,360.0,1.0,1
0,0,1,1,0,7.1667624053284165,8.90769054865937,5.205036781966788,180.0,0.43147449184643316,1
1,1,1,1,0,7.939668503319068,7.533179466910602,4.971574432902013,360.0,0.0,0
0,0,0,0,0,7.640297419389307,0.0,2.5616088612558947,360.0,1.0,1
1,1,0,1,0,8.263896745541873,7.260253639386504,4.3080722427214635,360.0,1.0,0
1,1,0,0,0,8.037374814892132,8.056154417196998,4.881902530688952,360.0,0.0,0
0,0,1,0,0,8.151316413699174,0.0,5.01657472973988,39.12627150024902,0.9782897812482707,1
0,1,1,1,1,9.257624189304156,0.0,5.250247768294901,360.0,0.6623671292693347,0
1,1,1,0,0,7.587630874125349,0.0,4.2642362737807264,360.0,1.0,0
1,0,1,0,0,8.608985747093074,6.475172329264429,5.1482621385622975,480.0,1.0,1
1,0,0,1,0,7.9946619049496075,0.0,4.62287195825737,360.0,1.0,1
1,0,0,1,0,7.911017989895325,0.0,4.389672075459536,360.0,1.0,1
0,0,0,0,0,8.362725332517847,2.029574489849223,4.868659141951528,480.0,0.0,1
1,0,0,0,0,8.784251007808663,0.0,4.761922733558344,360.0,0.3992189644366251,0
1,1,1,0,0,8.411238759402298,7.307590951749143,4.853732847567597,360.0,1.0,0
1,0,0,1,0,8.69394709332123,8.288923525209666,5.30459072955955,360.0,0.0,0
0,0,0,1,0,8.29171956230839,0.0,4.767051816921188,480.0,0.8315444860220801,1
1,1,0,0,0,8.25464831544628,7.410128184279462,4.822659849877393,480.0,0.3474617520899419,1
1,0,0,0,0,8.107376906246976,0.0,4.844622310698562,360.0,1.0,1
0,0,1,1,0,7.989617265259076,0.0,5.007683092894501,360.0,1.0,1
1,1,2,1,0,8.444761442680324,0.0,4.599186151116487,360.0,0.0,1
1,1,2,1,0,8.274519638858461,0.0,4.800733436834104,360.0,0.0,1
1,0,0,1,0,7.899465349530714,0.0,4.3537024083689815,480.0,0.36040490798434377,1
1,1,1,1,0,8.316643055992449,7.900868740695959,4.971889989537779,360.0,0.856723727692333,1
0,0,0,1,0,7.831568271886426,7.4816219137780715,4.614876749600035,324.0590365300225,0.5990160578329576,1
1,0,0,1,0,7.872256916191679,0.0,4.375515270893698,360.0,0.6369869944799887,1
1,0,2,1,0,8.216128330643032,0.0,4.721969940396553,360.0,0.0,0
1,1,0,1,0,8.35186199139784,7.83046412274912,4.746736516169217,360.0,1.0,1
1,1,0,1,0,8.04237897584298,7.609561959920385,4.895978611580983,360.0,0.0,0
1,1,0,1,0,7.80677418818445,7.172127990375959,4.712493581663943,360.0,0.0,1
1,0,0,0,0,8.286178324556374,7.792753435905804,5.068361105045072,360.0,0.0,1
1,1,0,1,0,8.303717661937394,0.0,5.252780689170832,360.0,1.0,0
0,1,1,1,0,9.193069967504552,0.0,5.595515816753622,360.0,0.0,1
1,1,0,0,0,8.168697010534979,8.104103568835473,5.0238805208462765,360.0,0.0,0
0,1,1,1,0,7.470308060550609,7.633516296297008,5.12324111789302,360.0,1.0,1
0,0,0,1,0,8.358335443705606,0.0,4.714419690664126,360.0,0.9513049262850227,1
1,1,1,1,0,7.999851139546072,7.3445186089966645,4.839106615641709,360.0,0.0,1
1,0,0,1,0,9.684253229817987,0.0,5.29117406852342,360.0,0.0,1
1,0,0,1,0,8.104980988609313,7.75910173986535,4.808721689224993,360.0,1.0,0
0,1,0,1,0,7.625361687842105,0.0,4.141692219952537,360.0,1.0,0
1,1,0,1,0,9.074963790759117,8.273814443394617,5.041930441822006,180.0,0.0,0
0,0,0,1,0,8.765543268148182,7.500433187450761,5.301291639043699,360.0,1.0,0
1,1,0,1,0,9.723634443405306,8.051844355428756,5.991765176487581,360.0,1.0,0
1,0,0,0,0,8.771778166828318,0.0,4.874193649395782,360.0,1.0,0
0,0,0,0,0,8.288659132295924,0.0,4.822321148382726,360.0,0.0,1
0,0,0,1,0,7.8917220924569635,7.5692511642051015,4.6802182129626635,300.0,0.8576562462334787,1
1,1,1,1,0,7.99067326831261,7.392633067734823,4.850126623259195,360.0,0.0,1
0,0,0,0,0,7.915291299856674,0.0,4.384740568396835,360.0,0.0,1
1,1,0,0,0,8.172703816846669,7.976605546822961,4.960848375659761,360.0,0.0,0
1,1,0,0,0,8.708751560582076,0.0,5.181970863837005,360.0,0.6547374309160617,0
1,0,0,1,0,8.531253605326846,0.0,4.829776519018749,360.0,0.0,0
0,0,0,1,0,8.460668853139516,0.0,4.395535713762924,360.0,0.9954779430533179,1
1,0,0,0,0,8.066640138203773,7.707812566117784,4.823113291876198,180.0,0.0,1
1,1,0,1,0,8.360509244601705,0.0,5.330655098721824,360.0,1.0,0
1,0,0,0,0,7.932812794407302,0.0,4.184312220567198,300.83174408436486,1.0,0
1,1,0,0,0,7.823264068788492,8.026834335200203,4.735948356651468,360.0,0.0,1
1,0,2,1,0,8.178032806756478,0.0,4.48994105862476,360.0,0.0,0
1,0,0,1,0,8.114785902918674,0.0,4.419914756125427,360.0,0.6024756061804697,1
1,1,1,1,0,8.75843139803127,0.0,4.858159373075173,300.0,0.0,0
1,0,0,1,0,8.41068274102832,7.688931494031005,4.944390957447122,360.0,1.0,1
0,1,0,1,0,8.48071513124152,0.0,4.4924742756917615,360.0,0.7236869428432287,0
1,0,0,1,1,8.718865323115216,8.371917921335978,4.793160411911918,180.0,0.9802953688369921,1
1,1,2,1,0,8.199790239201057,0.0,4.479227104544472,360.0,0.0,1
1,0,0,1,0,9.349847867597873,8.409126073567634,6.077773796513906,360.0,1.0,0
0,1,1,1,0,6.965619254633273,7.929884052228987,4.77458996091025,360.0,1.0,1
1,0,0,1,0,8.313797669792505,8.4595247714446,5.2464242005807,360.0,1.0,1
1,1,2,1,0,8.467500191959756,7.9726523668462175,5.333498476540953,360.0,1.0,0
0,0,0,1,0,7.522994716271326,7.207882164111043,4.6068233939157235,360.0,0.0,1
1,0,0,1,0,8.433297885995826,8.345934693989355,5.434661831046727,360.0,1.0,0
1,1,2,1,0,7.995925629226733,7.70640531939491,4.988612533013147,360.0,0.0,1
0,1,2,1,0,7.660160098418351,7.449409958810191,4.967102322196634,360.0,1.0,1
1,0,1,1,0,8.254690217041688,0.0,4.733115400257813,360.0,0.0,0
1,0,0,1,0,7.768587480196983,7.847753462019758,4.805193676918714,360.0,1.0,0
1,0,0,1,0,7.990705792291582,7.79709813649349,4.794429759656899,360.0,1.0,0
1,0,2,1,0,8.681674352962624,0.0,4.822849629130323,360.0,0.0,0
1,1,0,1,0,8.818360104384697,7.391317517686832,4.782527638940378,360.0,0.0,1
1,1,1,0,0,8.309290811444386,7.965371231561915,5.126935855029272,93.58760260572421,1.0,0
1,1,0,1,0,8.137890074910054,7.414268650683402,4.954865243519768,360.0,1.0,0
1,0,0,0,0,8.718624695157597,0.0,4.752778349530622,360.0,0.0,0
1,1,0,1,0,8.566042586667015,0.0,5.394197265297732,360.0,1.0,0
1,1,2,1,0,9.056624883220147,0.0,5.526485338742409,360.0,0.0,1
1,1,1,1,0,8.0172943788465,7.611342552974455,4.989550886213613,360.0,1.0,1
0,0,0,1,0,8.38895291486894,0.0,4.392830939084927,360.0,1.0,0
0,0,1,1,0,8.345998293211167,7.363780947001906,5.1391379435064986,80.14570898541561,1.0,0
1,0,0,1,0,8.764438756294462,0.0,4.705033212989352,360.0,0.0,0
1,1,1,1,0,8.635486674842653,8.65912401252747,5.226047250067388,360.0,0.299872965833362,1
0,0,0,1,0,7.992992091356798,0.0,4.610272273350495,360.0,0.0,1
1,0,0,0,0,8.22586049655735,0.0,4.442221428367011,322.44539890135127,1.0,0
1,0,0,1,0,8.71291243255581,8.397856752326325,5.331393595335032,360.0,0.06366389451746657,0
1,1,2,1,0,8.674834879103361,0.0,4.632243725597392,360.0,0.0,1
1,0,2,0,0,8.055376096505618,7.968073131934995,5.152895075746088,300.0,0.03933140738898233,0
1,0,0,1,0,8.335521261567596,7.747250303801508,5.001846839391538,360.0,1.0,1
0,0,1,0,0,8.075067220762284,0.0,4.510527074723569,98.04692508624541,0.5691185757899624,1
1,0,1,1,0,9.726818787511618,0.0,6.042587686689812,360.0,1.0,1
1,0,0,1,0,8.240423947871507,0.0,4.258031121580338,360.0,1.0,1
1,1,0,1,0,9.181816812714867,0.0,5.761593989723564,360.0,1.0,1
1,0,0,1,0,8.051180489158904,0.0,4.3327242098075915,360.0,0.8346001506033638,1
1,1,2,1,0,7.902189359918072,9.661834870713141,5.784722581219533,360.0,0.5766220568925349,1
1,0,0,0,0,7.79017679021503,7.299835154788475,4.622228232193552,480.0,0.0,1
1,0,0,0,0,7.797342214431357,2.855479405550539,4.588125084589535,480.0,0.6078013782305578,1
1,1,0,0,0,8.849640266109683,0.0,4.814474806155973,360.0,0.39482509788781284,1
1,0,1,1,0,9.757363381088856,0.0,6.101168061623209,360.0,1.0,1
1,1,2,0,0,8.162982843645233,0.0,4.382324803782997,180.0,0.9793728718029676,0
